[{"model": "curriculo.curso", "pk": 1, "fields": {"nome": "An\u00e1lise e Desenvolvimento de Sistemas", "sigla": "ADS"}}, {"model": "curriculo.curso", "pk": 2, "fields": {"nome": "Banco de Dados", "sigla": "BD"}}, {"model": "curriculo.curso", "pk": 3, "fields": {"nome": "Gest\u00e3o em Tecnologia da Informa\u00e7\u00e3o", "sigla": "GTI"}}, {"model": "curriculo.curso", "pk": 4, "fields": {"nome": "Sistemas da Informa\u00e7\u00e3o", "sigla": "SI"}}, {"model": "curriculo.disciplina", "pk": 1, "fields": {"nome": "Tecnologias Web", "data": "2019-02-19", "status": "ABERTA", "plano_ensino": "Aulas expositivas utilizando projetor, lousa eletr\u00f4nica e computador nas quais se apresenta e discute os t\u00f3picos da disciplina, bem como trabalhos em grupo com apresenta\u00e7\u00e3o escrita e defesa oral, apresenta\u00e7\u00e3o de v\u00eddeos.\r\nCada per\u00edodo de aula de 50 minutos ser\u00e1 completado com atividades a serem realizadas via ambiente virtual para um tempo de 10 minutos.\r\nAtividades cont\u00ednuas (AC) semanais para acompanhamento do processo ensino aprendizagem.", "carga_horaria": 80, "competencias": "Desenvolver aplica\u00e7\u00f5es web para automa\u00e7\u00e3o de processos de neg\u00f3cio utilizando bancos de dados relacionais.", "habilidades": "Conhecer e dominar as principais etapas de constru\u00e7\u00e3o e publica\u00e7\u00e3o de um site para a web.\r\nDesenvolver sistemas web utilizando HTML/CSS, JavaScript, Node JS e Frameworks Python .\r\nConhecer a arquitetura de sistemas web din\u00e2micas.\r\nConhecer os conceitos de desenvolvimento de sistemas din\u00e2micos para a Internet, aplicando as mais recentes tecnologias e m\u00e9todos para esta \u00e1rea.", "ementa": "Disciplina anterior: Linguagem de Programa\u00e7\u00e3o I, L\u00f3gica de Programa\u00e7\u00e3o\r\nDisciplina paralelo: Engenharia de Software, Linguagem de Programa\u00e7\u00e3o II, Linguagem SQL, Ambiente de Desenvolvimento e Opera\u00e7\u00f5es\r\nDisciplina posterior: Engenharia de Requisitos; An\u00e1lise e Modelagem de Sistemas;", "conteudo_programatico": "Conceitos e fundamentos: Internet, Intranet e Extranet.\r\nArquitetura Cliente-Servidor e o Desenvolvimento de aplica\u00e7\u00f5es WEB Padr\u00f5es Web.\r\nHTML (HyperText Markup Language) e CSS ( Cascading Style Sheets).\r\nEntender a sintaxe e comandos JavaScript e sua integra\u00e7\u00e3o com HTML.\r\nNo\u00e7\u00f5es de NodeJS: sintaxes e comandos, funcionamento, arquitetura e sua instala\u00e7\u00e3o no Apache.\r\nPython e Django: Sintaxes, funcionamento, padr\u00e3o MTV (Model-Template-View, ou Modelo-Template-Vis\u00e3o) e conex\u00f5es com Banco de Dados", "bibliografia_basica": "DUCKETT, J. Javascript e Jquery. Desenvolvimento de Interfaces Web Interativas. 1a.ed. Rio de Janeiro: Altabooks, 2016.\r\nELMAN, J.;LAVIN, M. Django Essencial - Usando REST, websockets e Backbone. 1.ed. S\u00e3o Paulo: Novatec, 2015.\r\nFREEMAN, E.; FREEMAN, E. Use a cabe\u00e7a! HTML com CSS e XHTML. Rio de Janeiro: Alta Books, 2\u00aa. Edi\u00e7\u00e3o, 2015.", "bibliografia_complementar": "ALMEIDA, F. Mean Full stack JavaScript para aplica\u00e7\u00f5es web com MongoDB, Express, Angular e Node. 1.ed. S\u00e3o Paulo: Casa do C\u00f3digo, 2015.\r\nHOLMES, S. MEAN Definitivo com Mongo, Express, Angular e Node. 1.ed. S\u00e3o Paulo: Novatec, 2016.\r\nMEJIA, A. Construindo uma Aplica\u00e7\u00e3o E-commerce com MEAN. 1.ed. S\u00e3o Paulo: Novatec, 2016.\r\nMORAES, W.B.. Construindo aplica\u00e7\u00f5es com NodeJS. 1.ed. S\u00e3o Paulo: Novatec, 2015.\r\nWILLIAMSON, K.. Introdu\u00e7\u00e3o ao AngularJS: um guia para o desenvolvimento com o AngularJS. 1.ed", "percentual_pratico": 50, "percentual_teorico": 50, "coordenador": 102}}, {"model": "curriculo.disciplina", "pk": 2, "fields": {"nome": "An\u00e1lise e Modelagem de Sistemas", "data": "2019-02-19", "status": "ABERTA", "plano_ensino": "Anteriores: Engenharia de Software.\r\nParalelas: Engenharia de Requisitos e Oficina de Projeto de Empresa 1 - OPE1.\r\nPosteriores: Qualidade de Software, Arquitetura e Projeto de Sistemas e Oficina de Projeto de\r\nEmpresa 2 - OPE2.", "carga_horaria": 80, "competencias": "Capacidade de especificar integralmente o comportamento do sistema de software a ser\r\ndesenvolvido atrav\u00e9s do documento denominado SRS (Software Requirements Specification);\r\nCapacidade de avaliar documentos SRS para garantir a qualidade da especifica\u00e7\u00e3o e a\r\nader\u00eancia ao software implementado;\r\nCapacidade de desenvolver o projeto de conclus\u00e3o de curso.", "habilidades": "Definir o que \u00e9 a UML e sua aplica\u00e7\u00e3o na modelagem de sistemas orientados a objetos;\r\nDerivar casos de uso a partir dos requisitos de sistema;\r\nIdentificar os cen\u00e1rios que comp\u00f5em um caso de uso;\r\nDetalhar os cen\u00e1rios atrav\u00e9s da descri\u00e7\u00e3o de di\u00e1logos completos e coerentes entre o ator e sistema;\r\nA partir do contexto fornecido pela descri\u00e7\u00e3o dos cen\u00e1rios dos casos de uso, derivar e manter a\r\nrastreabilidade entre os seguintes artefatos: Wireframes, Dicion\u00e1rios de Dados, Requisitos de\r\nSoftware", "ementa": "Aulas expositivas nas quais ser\u00e3o apresentados e discutidos os t\u00f3picos da disciplina.\r\nDesenvolvimento de atividades pr\u00e1ticas com estrat\u00e9gias diversas, individuais ou em equipes, para\r\nmelhor sedimenta\u00e7\u00e3o dos conte\u00fados abordados.\r\nEntre os recursos dispon\u00edveis est\u00e3o: projetor multim\u00eddia, lousa eletr\u00f4nica, acesso \u00e0 Internet e\r\nlaborat\u00f3rio de inform\u00e1tica, conforme as especificidades da disciplina.\r\nAtividades cont\u00ednuas (AC) di\u00e1rias para acompanhamento do processo de aprendizagem, sendo\r\nnecess\u00e1ria", "conteudo_programatico": "An\u00e1lise e Modelagem de Sistemas:\r\nContextualiza\u00e7\u00e3o: da Modelagem de Neg\u00f3cio \u00e0 Especifica\u00e7\u00e3o do Sistema;\r\nRequisitos de Sistemas x Casos de Uso x Requisitos de Software;\r\nIntrodu\u00e7\u00e3o \u00e0 UML.\r\nModelagem de Casos de Uso:\r\nO que os casos de uso s\u00e3o e o que n\u00e3o s\u00e3o: os motivos dos casos de uso serem t\u00e3o mal\r\ncompreendidos;\r\nOrienta\u00e7\u00f5es:\r\nEvitar \u201cTempo\u201d como Ator;\r\nEvitar Casos de Uso CRUD (Create, Read, Update e Delete);\r\nExce\u00e7\u00e3o: Caso de Uso \u201cRealizar Login\u201d.", "bibliografia_basica": "BITTENER, K.; SPENCE, I.\u00a0 Use Case Modeling. 1st ed. New York: Addison-Wesley, 2002.\r\nBLAHA, M.; RUMBAUGH, J. Modelagem e projetos baseados em objetos com UML 2. Rio de\r\nJaneiro:Elsevier\u00adCampus, 2006.\r\nEVANS, E. Domain-Driven Design: Tackling Complexity in the Heart of Software. Addison-Wesley,\r\nUpper Saddle River, NJ, USA. 20 ago. 2003. 560p. ISBN: 0-321-12521-5.", "bibliografia_complementar": "GAMMA; H.; Johson; V. Padr\u00f5es de Projeto. Porto Alegre: Bookman, 2005.\r\nLARMAN, C. Utilizando UML e Padr\u00f5es: uma introdu\u00e7\u00e3o \u00e0 an\u00e1lise e ao projeto orientados a objetos\r\ne ao desenvolvimento iterativo. 3.ed. Porto Alegre: Bookman, 2007.\r\nGUEDES, Gilleanes T. A.: UML 2 - Uma abordagem pr\u00e1tica. 2 ed. S\u00e3o Paulo: Novatec Editora, 2011.\r\nRUMBAUGH, J.; JACOBSON, I; BOOCH, G. The Unified Modeling Language Reference Manual.\r\n2 nd ed. New York: Addison-Wesley, 2004.", "percentual_pratico": 60, "percentual_teorico": 40, "coordenador": 103}}, {"model": "curriculo.disciplina", "pk": 3, "fields": {"nome": "L\u00f3gica de Programa\u00e7\u00e3o", "data": "2019-02-19", "status": "ABERTA", "plano_ensino": "Introdu\u00e7\u00e3o: L\u00f3gica. Algoritmos.\r\nTipos de Dados: Constantes. Vari\u00e1veis. Instru\u00e7\u00f5es b\u00e1sicas. Operadores aritm\u00e9ticos, l\u00f3gicos e relacionais\r\nEstruturas l\u00f3gicas ou de controle de fluxo:\r\nEstruturas sequ\u00eancias\r\nEstruturas condicionais ou de sele\u00e7\u00e3o: Simples. Composta. Encadeada ou Aninhada.\r\nEstruturas de repeti\u00e7\u00e3o ou la\u00e7o: la\u00e7o indefinido, la\u00e7o definido e la\u00e7o aninhados.\r\nFun\u00e7\u00f5es: Defini\u00e7\u00e3o e Vantagens. Escopo dos Dados e do C\u00f3digo. Par\u00e2metro de Entrada e Sa\u00edda. Tipos\r\nde fun\u00e7\u00f5es: com retorno", "carga_horaria": 80, "competencias": "Desenvolver racioc\u00ednio l\u00f3gico para organizar os elementos necess\u00e1rios para a resolu\u00e7\u00e3o de um\r\nproblema utilizando as ferramentas b\u00e1sicas de l\u00f3gica de programa\u00e7\u00e3o\r\nCriar uma base s\u00f3lida em l\u00f3gica de programa\u00e7\u00e3o\r\nDesenvolver algoritmos usando fun\u00e7\u00f5es e refinamentos sucessivos.\r\nUtilizar estruturas de dados na resolu\u00e7\u00e3o de problemas computacionais.", "habilidades": "Introduzir \u00e0 l\u00f3gica de programa\u00e7\u00e3o de computadores\r\nConhecer e dominar as estruturas b\u00e1sicas de controle de fluxo\r\nDesenvolver a t\u00e9cnica de refinamentos sucessivos na solu\u00e7\u00e3o de problemas, aprendendo a decompor\r\num problema em sub-tarefas ou m\u00f3dulos\r\nUtilizar as estruturas de dados homog\u00eaneas: vetores e matrizes\r\nImplementar solu\u00e7\u00f5es algor\u00edtmicas atrav\u00e9s da linguagem Python", "ementa": "Anteriores: Nenhuma\r\nParalelas: Linguagem de Programa\u00e7\u00e3o I\r\nPosteriores: Linguagem de Programa\u00e7\u00e3o II", "conteudo_programatico": "Introdu\u00e7\u00e3o: L\u00f3gica. Algoritmos.\r\nTipos de Dados: Constantes. Vari\u00e1veis. Instru\u00e7\u00f5es b\u00e1sicas. Operadores aritm\u00e9ticos, l\u00f3gicos e relacionais\r\nEstruturas l\u00f3gicas ou de controle de fluxo:\r\nEstruturas sequ\u00eancias\r\nEstruturas condicionais ou de sele\u00e7\u00e3o: Simples. Composta. Encadeada ou Aninhada.\r\nEstruturas de repeti\u00e7\u00e3o ou la\u00e7o: la\u00e7o indefinido, la\u00e7o definido e la\u00e7o aninhados.\r\nFun\u00e7\u00f5es: Defini\u00e7\u00e3o e Vantagens. Escopo dos Dados e do C\u00f3digo. Par\u00e2metro de Entrada e Sa\u00edda. Tipos\r\nde fun\u00e7\u00f5es: com retorno", "bibliografia_basica": "DIERBACH, C. Introduction to Computer Science Using Python: A Computational Problem-\r\nSolving Focus 1st Edition, New York: Wiley, 2012.\r\nMENEZES, N.N.C. Introdu\u00e7\u00e3o \u00e0 Programa\u00e7\u00e3o com Python: algoritmos e l\u00f3gica de programa\u00e7\u00e3o\r\npara iniciantes. 2 a . ed. S\u00e3o Paulo: Novatec, 2014.\r\nZELLE J. Python Programming: An Introduction to Computer Science, 3 rd Ed. Sherwood: Franklin,\r\nBeedle &amp; Associates Inc.;", "bibliografia_complementar": "CARVALHO, A.P.L.F.; LORENA, A.C. Introdu\u00e7\u00e3o \u00e0 computa\u00e7\u00e3o: software, hardware e dados. 1a.\r\ned. Rio de Janeiro: LTC, 2017.\r\nFARRELL, J. L\u00f3gica e Design de Programa\u00e7\u00e3o \u2013 Introdu\u00e7\u00e3o. 1. ed. S\u00e3o Paulo: Cengage Learning,\r\n2010.\r\nLOPES, A.; GARCIA, G. Introdu\u00e7\u00e3o \u00e0 Programa\u00e7\u00e3o: 500 Algoritmos. Rio de Janeiro: Elsevier,\r\n2002.\r\nLUTZ, M. Learning Python. 5 th . Ed. Sebastopol: O&#39;Reilly Media, 2013.\r\nMOKARZEL, F. C.; SOMA, N. Y. Introdu\u00e7\u00e3o \u00e0 Ci\u00eancia da Computa\u00e7\u00e3o. Rio de Janeiro: Elsevier,\r\n2008.", "percentual_pratico": 0, "percentual_teorico": 100, "coordenador": 104}}, {"model": "curriculo.disciplina", "pk": 4, "fields": {"nome": "Desenvolvimento para Dispositivos M\u00f3veis", "data": "2019-02-19", "status": "ABERTA", "plano_ensino": "Aulas expositivas utilizando projetor, lousa eletr\u00f4nica e computador nas quais se apresenta e discute os\r\nt\u00f3picos da disciplina, bem como trabalhos em grupo com apresenta\u00e7\u00e3o escrita e defesa oral,\r\napresenta\u00e7\u00e3o de v\u00eddeos.\r\nCada per\u00edodo de aula de 50 minutos ser\u00e1 completado com atividades a serem realizadas no ambiente de", "carga_horaria": 80, "competencias": "Entender os modelos de programa\u00e7\u00e3o para dispositivos m\u00f3veis: nativo, web e h\u00edbrido\r\nConhecer as tecnologias dispon\u00edveis para desenvolvimento de dispositivos m\u00f3veis\r\nConhecer os conceitos fundamentais e a arquitetura para desenvolvimento de aplica\u00e7\u00f5es para\r\nAndroid\r\nConhecer os recursos tecnol\u00f3gicos dispon\u00edveis na plataforma Android (Android SDK)\r\nEntender o funcionamento de um aplicativo m\u00f3vel\r\nConhecer as formas de armazenamento de dados e comunica\u00e7\u00e3o com internet, servi\u00e7os e APIs em\r\naplica", "habilidades": "Desenvolver aplicativos m\u00f3veis utilizando a plataforma Android\r\nUtilizar linguagem de programa\u00e7\u00e3o Kotlin para desenvolver aplicativos m\u00f3veis para Android\r\nUtilizar os recursos tecnol\u00f3gicos dispon\u00edveis na plataforma Android (Android SDK)\r\nDesenvolver aplica\u00e7\u00f5es para dispositivos m\u00f3veis utilizando os diversos componentes visuais\r\nDesenvolver aplica\u00e7\u00f5es para Android utilizando armazenamento de dados\r\nDesenvolver aplica\u00e7\u00f5es para Android que consomem servi\u00e7os na web e utilizam APIs", "ementa": "Linguagem de Programa\u00e7\u00e3o ||, Tecnologias Web, Banco de Dados, Desenvolvimento de Aplica\u00e7\u00f5es\r\nDistribu\u00eddas", "conteudo_programatico": "Conceitos fundamentais, modelos de desenvolvimento de aplicativos m\u00f3veis e tecnologias (Kotlin,\r\nAndroid, aplicativos nativos, web e h\u00edbridos)\r\nDesenvolvimento de aplicativos m\u00f3veis com Android\r\nActivity e Intent\r\nInterfaces gr\u00e1ficas - Layout e Views, Action Ba, Navigation Drawer e Listas\r\nNavega\u00e7\u00e3o e envio de par\u00e2metros entre telas\r\nNotifica\u00e7\u00f5es e push de mensagens\r\nPersist\u00eancia em bancos de dados locais\r\nConsumo de servi\u00e7os web e APIs", "bibliografia_basica": "LECHETA, R. R. Android Essencial com Kotlin. Edi\u00e7\u00e3o: 1\u00aa ed. Novatec, 2017.\r\nLECHETA, R. R. Google Android: aprenda a criar aplica\u00e7\u00f5es para dispositivos m\u00f3veis com o Android\r\nSDK. 5.ed. S\u00e3o Paulo: Novatec, 2010.\r\nFIRTMAN, M. Programming the Mobile Web. 1st ed. Sebastopol: O\u00b4Reilly, 2010.", "bibliografia_complementar": "STARK, J.. Building Android Apps with HTML, CSS, and JavaScript. 1st ed. Sebastopol: O\u00b4Reilly,\r\n2010.\r\nSILVA, M.S. jQuery Mobile - Desenvolva Aplica\u00e7\u00f5es Web para Dispositivos M\u00f3veis com HTML5,\r\nCSS3, AJAX, jQuery e JQUERY UI. 1a ed. Novatec, 2011\r\nFLING, B.. Mobile Design and Development: practical concepts and techniques for creating mobile\r\nsites and web apps. 1st ed. Sebastopol: O\u00b4Reilly, 2009.\r\nSTARK, J.. Building iPhone Apps with HTML, CSS, and JavaScript. 1st ed. Sebastopol: O\u00b4Reilly,", "percentual_pratico": 50, "percentual_teorico": 50, "coordenador": 105}}]